{"cameraMode":{"drawMode":0,"name":"Shaded","section":"Shading Mode"},"sceneLighting":true,"audioPlay":false,"sceneViewState":{"m_AlwaysRefresh":false,"showFog":true,"showSkybox":true,"showFlares":true,"showImageEffects":true,"showParticleSystems":true,"showVisualEffectGraphs":true,"m_FxEnabled":true},"in2DMode":false,"pivot":{"x":842.1805419921875,"y":3.128969192504883,"z":754.3941650390625},"rotation":{"x":-0.021203139796853067,"y":0.19194450974464417,"z":0.0041309804655611519,"w":0.9811919331550598},"size":54.68317794799805,"orthographic":false}