{"cameraMode":{"drawMode":0,"name":"Shaded","section":"Shading Mode"},"sceneLighting":true,"audioPlay":false,"sceneViewState":{"m_AlwaysRefresh":false,"showFog":true,"showSkybox":true,"showFlares":true,"showImageEffects":true,"showParticleSystems":true,"showVisualEffectGraphs":true,"m_FxEnabled":true},"in2DMode":false,"pivot":{"x":802.6647338867188,"y":374.5801086425781,"z":494.443603515625},"rotation":{"x":-0.0021600439213216306,"y":0.9936577677726746,"z":-0.019378619268536569,"w":-0.11075121909379959},"size":221.46401977539063,"orthographic":false}